{"cameraMode":{"drawMode":0,"name":"Shaded","section":"Shading Mode"},"sceneLighting":true,"audioPlay":false,"sceneViewState":{"m_AlwaysRefresh":false,"showFog":true,"showSkybox":true,"showFlares":true,"showImageEffects":true,"showParticleSystems":true,"showVisualEffectGraphs":true,"m_FxEnabled":true},"in2DMode":false,"pivot":{"x":2.6145808696746828,"y":2.988737106323242,"z":2.5857763290405275},"rotation":{"x":0.1802084594964981,"y":-0.49371153116226199,"z":0.10538962483406067,"w":0.8441986441612244},"size":1.9491020441055298,"orthographic":false}